SET SQL_MODE = "NO_AUTO_VALUE_ON_ZERO";

/*!40101 SET @OLD_CHARACTER_SET_CLIENT=@@CHARACTER_SET_CLIENT */;
/*!40101 SET @OLD_CHARACTER_SET_RESULTS=@@CHARACTER_SET_RESULTS */;
/*!40101 SET @OLD_COLLATION_CONNECTION=@@COLLATION_CONNECTION */;
/*!40101 SET NAMES utf8 */;


CREATE TABLE IF NOT EXISTS `adver` (
`id` int(11) NOT NULL,
  `user_id` int(11) DEFAULT NULL,
  `category_id` int(11) DEFAULT NULL,
  `country_id` int(11) DEFAULT NULL,
  `province_id` int(11) DEFAULT NULL,
  `city_id` int(11) DEFAULT NULL,
  `title` varchar(250) COLLATE utf8_unicode_ci NOT NULL,
  `description` text COLLATE utf8_unicode_ci NOT NULL,
  `address` varchar(250) COLLATE utf8_unicode_ci NOT NULL,
  `latitude` decimal(10,8) NOT NULL,
  `longitude` decimal(11,8) NOT NULL,
  `status` smallint(6) NOT NULL,
  `created_at` int(11) NOT NULL,
  `updated_at` int(11) NOT NULL,
  `lang` varchar(7) COLLATE utf8_unicode_ci DEFAULT '*'
) ENGINE=InnoDB DEFAULT CHARSET=utf8 COLLATE=utf8_unicode_ci;

CREATE TABLE IF NOT EXISTS `attachment` (
`id` int(11) NOT NULL,
  `user_id` int(11) NOT NULL,
  `adver_id` int(11) NOT NULL,
  `name` varchar(255) CHARACTER SET utf16 COLLATE utf16_unicode_ci NOT NULL,
  `title` varchar(255) CHARACTER SET utf16 COLLATE utf16_unicode_ci DEFAULT NULL,
  `index` int(11) NOT NULL,
  `created_at` int(11) DEFAULT NULL,
  `updated_at` int(11) DEFAULT NULL
) ENGINE=InnoDB DEFAULT CHARSET=utf8 COLLATE=utf8_unicode_ci;

CREATE TABLE IF NOT EXISTS `auth_assignment` (
  `item_name` varchar(64) COLLATE utf8_unicode_ci NOT NULL,
  `user_id` varchar(64) COLLATE utf8_unicode_ci NOT NULL,
  `created_at` int(11) DEFAULT NULL
) ENGINE=InnoDB DEFAULT CHARSET=utf8 COLLATE=utf8_unicode_ci;

INSERT INTO `auth_assignment` (`item_name`, `user_id`, `created_at`) VALUES
('Administrator', '1', 1415121202);

CREATE TABLE IF NOT EXISTS `auth_item` (
  `name` varchar(64) COLLATE utf8_unicode_ci NOT NULL,
  `type` int(11) NOT NULL,
  `description` text COLLATE utf8_unicode_ci,
  `rule_name` varchar(64) COLLATE utf8_unicode_ci DEFAULT NULL,
  `data` text COLLATE utf8_unicode_ci,
  `created_at` int(11) DEFAULT NULL,
  `updated_at` int(11) DEFAULT NULL
) ENGINE=InnoDB DEFAULT CHARSET=utf8 COLLATE=utf8_unicode_ci;

INSERT INTO `auth_item` (`name`, `type`, `description`, `rule_name`, `data`, `created_at`, `updated_at`) VALUES
('Admin', 1, 'مدیر', NULL, NULL, 1415115654, 1415115654),
('Administrator', 1, 'مدیر کامل سیستم', NULL, NULL, 1415114509, 1415115668),
('Adver', 1, 'کنترل تبلیغات', NULL, NULL, 1416335093, 1416335093),
('AdverDelete', 2, 'حذف تبلیغات', NULL, NULL, 1416335035, 1416335035),
('AdverDisable', 2, 'تغییر وضعیت تبلیفات', NULL, NULL, 1416335069, 1416335069),
('AdverList', 2, 'لیست تبلیغات', NULL, NULL, 1421183194, 1421183194),
('AdverOwnUpdate', 2, 'ویرایش تبلیغات توسط خود کاربر', 'UpdateOwnAdverRule', NULL, 1416334927, 1416338678),
('AdverUpdate', 2, 'ویرایش تبلیغات توسط مدیر', NULL, NULL, 1416334989, 1416338545),
('Attachment', 1, 'مدیریت کامل ضمایم', NULL, NULL, 1421102908, 1421102908),
('AttachmentDelete', 2, 'حذف فایل ضمیمه', NULL, NULL, 1421103001, 1421103001),
('Category', 1, 'کنترل نقش ها', NULL, NULL, 1415566380, 1415566380),
('CategoryAdd', 2, 'افزودن بخش', NULL, NULL, 1415566290, 1415566290),
('CategoryDelete', 2, 'حذف بخش ها', NULL, NULL, 1415566325, 1415566325),
('CategoryDisable', 2, 'فعال و غیرفعال کردن بخش ها', NULL, NULL, 1423436573, 1423436573),
('CategoryEdit', 2, 'ویرایش بخش ها', NULL, NULL, 1415566308, 1415566308),
('CategoryList', 2, 'لیست بخش ها', NULL, NULL, 1415566344, 1415566344),
('City', 1, 'شهرها', NULL, NULL, 1415911229, 1415911229),
('CityAdd', 2, 'افزودن شهر', NULL, NULL, 1415911171, 1415911171),
('CityDelete', 2, 'حذف شهرها', NULL, NULL, 1415911214, 1415911214),
('CityEdit', 2, 'ویرایش شهرها', NULL, NULL, 1415911198, 1415911198),
('CityList', 2, 'لیست شهرها', NULL, NULL, 1415911154, 1415911154),
('Country', 1, 'مدیریت کشورها', NULL, NULL, 1415913118, 1415913118),
('CountryAdd', 2, 'افزودن کشور', NULL, NULL, 1415913057, 1415913057),
('CountryDelete', 2, 'حذف کشورها', NULL, NULL, 1415913092, 1415913092),
('CountryEdit', 2, 'ویرایش کشورها', NULL, NULL, 1415913073, 1415913073),
('CountryList', 2, 'لیست کشورها', NULL, NULL, 1415913042, 1415913042),
('Default', 1, 'نفش پیش فرض برای همه', NULL, NULL, 1416341590, 1416341590),
('DeleteOwnAttachment', 2, 'حذف ضمایم توسط خود کاربر', 'DeleteOwnAttachmentRule', NULL, 1421103057, 1421103057),
('DeleteOwnGallery', 2, 'حذف گالری تصاویر تبلیغات', 'DeleteOwnGalleryRule', NULL, 1421085359, 1421085359),
('Gallery', 1, 'کنترل گالری تصاویر', NULL, NULL, 1416770423, 1416770423),
('GalleryDelete', 2, 'حذف عکس از گالری تصاویر تبلیغات', NULL, NULL, 1416770407, 1416770407),
('Province', 1, 'کنترل استان ها', NULL, NULL, 1415911035, 1415911035),
('ProvinceAdd', 2, 'افزودن استان', NULL, NULL, 1415910946, 1415910946),
('ProvinceDelete', 2, 'حذف استان', NULL, NULL, 1415911014, 1415911014),
('ProvinceEdit', 2, 'ویرایش استان', NULL, NULL, 1415910971, 1415910971),
('ProvinceList', 2, 'لیست استان ها', NULL, NULL, 1415910850, 1415910850),
('Roles', 1, 'مدیریت نقش ها', NULL, NULL, 1415132911, 1415911283),
('User', 1, 'عملیات مربوط به کاربران', NULL, NULL, 1415122101, 1415122101),
('UserDelete', 2, 'حذف کاربران', NULL, NULL, 1415122436, 1415566560),
('UserDisable', 2, 'غیر فعال سازی کاربران', NULL, NULL, 1415122084, 1415566569),
('UserEdit', 2, 'ویرایش کاربران', NULL, NULL, 1415121991, 1415566576),
('UserList', 2, 'لیست کاربران', NULL, NULL, 1415216866, 1415216866);

CREATE TABLE IF NOT EXISTS `auth_item_child` (
  `parent` varchar(64) COLLATE utf8_unicode_ci NOT NULL,
  `child` varchar(64) COLLATE utf8_unicode_ci NOT NULL
) ENGINE=InnoDB DEFAULT CHARSET=utf8 COLLATE=utf8_unicode_ci;

INSERT INTO `auth_item_child` (`parent`, `child`) VALUES
('Administrator', 'Admin'),
('Administrator', 'Adver'),
('Adver', 'AdverDelete'),
('Adver', 'AdverDisable'),
('Adver', 'AdverList'),
('Adver', 'AdverOwnUpdate'),
('Default', 'AdverOwnUpdate'),
('Adver', 'AdverUpdate'),
('Administrator', 'Attachment'),
('Attachment', 'AttachmentDelete'),
('Administrator', 'Category'),
('Category', 'CategoryAdd'),
('Category', 'CategoryDelete'),
('Category', 'CategoryDisable'),
('Category', 'CategoryEdit'),
('Category', 'CategoryList'),
('Administrator', 'City'),
('City', 'CityAdd'),
('City', 'CityDelete'),
('City', 'CityEdit'),
('City', 'CityList'),
('Administrator', 'Country'),
('Country', 'CountryAdd'),
('Country', 'CountryDelete'),
('Country', 'CountryEdit'),
('Country', 'CountryList'),
('Attachment', 'DeleteOwnAttachment'),
('Default', 'DeleteOwnAttachment'),
('Default', 'DeleteOwnGallery'),
('Gallery', 'DeleteOwnGallery'),
('Administrator', 'Gallery'),
('Gallery', 'GalleryDelete'),
('Administrator', 'Province'),
('Province', 'ProvinceAdd'),
('Province', 'ProvinceDelete'),
('Province', 'ProvinceEdit'),
('Province', 'ProvinceList'),
('Administrator', 'Roles'),
('Administrator', 'User'),
('User', 'UserDelete'),
('User', 'UserDisable'),
('User', 'UserEdit'),
('User', 'UserList');

CREATE TABLE IF NOT EXISTS `auth_rule` (
  `name` varchar(64) COLLATE utf8_unicode_ci NOT NULL,
  `data` text COLLATE utf8_unicode_ci,
  `created_at` int(11) DEFAULT NULL,
  `updated_at` int(11) DEFAULT NULL
) ENGINE=InnoDB DEFAULT CHARSET=utf8 COLLATE=utf8_unicode_ci;

INSERT INTO `auth_rule` (`name`, `data`, `created_at`, `updated_at`) VALUES
('DeleteOwnAttachmentRule', 'O:34:"frontend\\rbac\\AttachmentAuthorRule":3:{s:4:"name";s:23:"DeleteOwnAttachmentRule";s:9:"createdAt";i:1421102816;s:9:"updatedAt";i:1421102816;}', 1421102816, 1421102816),
('DeleteOwnGalleryRule', 'O:31:"frontend\\rbac\\GalleryAuthorRule":3:{s:4:"name";s:20:"DeleteOwnGalleryRule";s:9:"createdAt";i:1421085287;s:9:"updatedAt";i:1421085296;}', 1421085287, 1421085296),
('UpdateOwnAdverRule', 'O:29:"frontend\\rbac\\AdverAuthorRule":3:{s:4:"name";s:18:"UpdateOwnAdverRule";s:9:"createdAt";i:1416334910;s:9:"updatedAt";i:1416338821;}', 1416334910, 1416338821);

CREATE TABLE IF NOT EXISTS `categories` (
`id` int(11) NOT NULL,
  `user_id` int(11) DEFAULT NULL,
  `name` varchar(255) COLLATE utf8_unicode_ci NOT NULL,
  `created_at` int(11) NOT NULL,
  `updated_at` int(11) NOT NULL,
  `status` smallint(6) NOT NULL
) ENGINE=InnoDB DEFAULT CHARSET=utf8 COLLATE=utf8_unicode_ci;

CREATE TABLE IF NOT EXISTS `city` (
`id` int(11) NOT NULL,
  `user_id` int(11) DEFAULT NULL,
  `province_id` int(11) DEFAULT NULL,
  `name` varchar(64) COLLATE utf8_unicode_ci NOT NULL,
  `latitude` decimal(10,8) DEFAULT NULL,
  `longitude` decimal(11,8) DEFAULT NULL,
  `created_at` int(11) NOT NULL,
  `updated_at` int(11) NOT NULL
) ENGINE=InnoDB DEFAULT CHARSET=utf8 COLLATE=utf8_unicode_ci;

INSERT INTO `city` (`id`, `user_id`, `province_id`, `name`, `latitude`, `longitude`, `created_at`, `updated_at`) VALUES
(1, 1, 1, ' آذرشهر', '37.75888900', '45.97833300', 1415816704, 1415816704),
(2, 1, 1, ' اسکو', '37.91583300', '46.12361100', 1415816704, 1415816704),
(3, 1, 1, ' اهر', '38.48943050', '47.06835750', 1415816704, 1415816704),
(4, 1, 1, ' بستان آباد', '37.85000000', '46.83333300', 1415816704, 1415816704),
(5, 1, 1, ' بناب', '37.34027800', '46.05611100', 1415816704, 1415816704),
(6, 1, 1, ' تبریز', '38.06666700', '46.30000000', 1415816704, 1415816704),
(7, 1, 1, ' جلفا', '38.94027800', '45.63083300', 1415816704, 1415816704),
(8, 1, 1, ' چار اویماق', '37.12990520', '47.02456860', 1415816704, 1415816704),
(9, 1, 1, ' سراب', '37.94083300', '47.53666700', 1415816704, 1415816704),
(10, 1, 1, ' شبستر', '38.18027800', '45.70277800', 1415816704, 1415816704),
(11, 1, 1, ' عجبشیر', '37.47750000', '45.89416700', 1415816704, 1415816704),
(12, 1, 1, ' کلیبر', '38.86944400', '47.03555600', 1415816704, 1415816704),
(13, 1, 1, ' مراغه', '37.38916700', '46.23750000', 1415816704, 1415816704),
(14, 1, 1, ' مرند', '38.42511700', '45.76963600', 1415816704, 1415816704),
(15, 1, 1, ' ملکان', '37.14562500', '46.16852420', 1415816704, 1415816704),
(16, 1, 1, ' میانه', '37.42111100', '47.71500000', 1415816704, 1415816704),
(17, 1, 1, ' ورزقان', '38.50972200', '46.65444400', 1415816704, 1415816704),
(18, 1, 1, ' هریس', '29.77518250', '-95.31025050', 1415816704, 1415816704),
(19, 1, 1, 'هشترود', '37.47777800', '47.05083300', 1415816704, 1415816704),
(20, 1, 2, ' ارومیه', '37.55527800', '45.07250000', 1415816704, 1415816704),
(21, 1, 2, ' اشنویه', '37.03972200', '45.09833300', 1415816704, 1415816704),
(22, 1, 2, ' بوکان', '36.52111100', '46.20888900', 1415816704, 1415816704),
(23, 1, 2, ' پیرانشهر', '36.69444400', '45.14166700', 1415816704, 1415816704),
(24, 1, 2, ' تکاب', '36.40083300', '47.11333300', 1415816704, 1415816704),
(25, 1, 2, ' چالدران', '39.06498370', '44.38446790', 1415816704, 1415816704),
(26, 1, 2, ' خوی', '38.55027800', '44.95222200', 1415816704, 1415816704),
(27, 1, 2, ' سردشت', '36.15527800', '45.47888900', 1415816704, 1415816704),
(28, 1, 2, ' سلماس', '38.19722200', '44.76527800', 1415816704, 1415816704),
(29, 1, 2, ' شاهین دژ', '36.67916700', '46.56694400', 1415816704, 1415816704),
(30, 1, 2, ' ماکو', '39.29527800', '44.51666700', 1415816704, 1415816704),
(31, 1, 2, ' مهاباد', '36.76305600', '45.72222200', 1415816704, 1415816704),
(32, 1, 2, ' میاندوآب', '36.96944400', '46.10277800', 1415816704, 1415816704),
(33, 1, 2, ' نقده', '36.95527800', '45.38805600', 1415816704, 1415816704),
(34, 1, 3, ' اردبیل', '38.48532760', '47.89112090', 1415816704, 1415816704),
(35, 1, 3, ' بیله سوار', '39.35677750', '47.94907650', 1415816704, 1415816704),
(36, 1, 3, ' پارس آباد', '39.64833300', '47.91750000', 1415816704, 1415816704),
(37, 1, 3, ' خلخال', '37.61888900', '48.52583300', 1415816704, 1415816704),
(38, 1, 3, ' کوثر', '31.86768660', '54.33798020', 1415816704, 1415816704),
(39, 1, 3, ' گرمی', '39.03722670', '47.92770210', 1415816704, 1415816704),
(40, 1, 3, ' مشگین', '38.39888900', '47.68194400', 1415816704, 1415816704),
(41, 1, 3, ' نمین', '38.42694400', '48.48388900', 1415816704, 1415816704),
(42, 1, 3, ' نیر', '38.03472200', '47.99861100', 1415816704, 1415816704),
(43, 1, 4, ' آران و بیدگل', '34.05777800', '51.48416700', 1415816704, 1415816704),
(44, 1, 4, ' اردستان', '33.37611100', '52.36944400', 1415816704, 1415816704),
(45, 1, 4, ' اصفهان', '32.65462750', '51.66798260', 1415816704, 1415816704),
(46, 1, 4, ' برخوار و میمه', '32.83333300', '51.77500000', 1415816704, 1415816704),
(47, 1, 4, ' تیران و کرون', NULL, NULL, 1415816704, 1415816704),
(48, 1, 4, ' چادگان', '32.76833300', '50.62861100', 1415816704, 1415816704),
(49, 1, 4, ' خمینی شهر', '32.70027800', '51.52111100', 1415816704, 1415816704),
(50, 1, 4, ' خوانسار', '33.22055600', '50.31500000', 1415816704, 1415816704),
(51, 1, 4, ' سمیرم', '31.39883460', '51.56759300', 1415816704, 1415816704),
(52, 1, 4, ' شاهین شهر و میمه', '33.12718520', '51.51500770', 1415816704, 1415816704),
(53, 1, 4, ' شهر رضا', '36.29244520', '59.56771490', 1415816704, 1415816704),
(54, 1, 4, 'دهاقان', '31.94000000', '51.64777800', 1415816704, 1415816704),
(55, 1, 4, ' فریدن', '33.02148290', '50.30690880', 1415816704, 1415816704),
(56, 1, 4, ' فریدون شهر', '32.94111100', '50.12111100', 1415816704, 1415816704),
(57, 1, 4, ' فلاورجان', '32.55527800', '51.50972200', 1415816704, 1415816704),
(58, 1, 4, ' کاشان', '33.98503580', '51.40996250', 1415816704, 1415816704),
(59, 1, 4, ' گلپایگان', '33.45361100', '50.28833300', 1415816704, 1415816704),
(60, 1, 4, ' لنجان', '32.47501680', '51.30508510', 1415816704, 1415816704),
(61, 1, 4, ' مبارکه', '32.34638900', '51.50444400', 1415816704, 1415816704),
(62, 1, 4, ' نائین', '32.85994450', '53.08783210', 1415816704, 1415816704),
(63, 1, 4, ' نجف آباد', '32.63242310', '51.36799140', 1415816704, 1415816704),
(64, 1, 4, ' نطنز', '33.51333300', '51.91638900', 1415816704, 1415816704),
(65, 1, 5, ' ساوجبلاق', '38.37879410', '47.49743590', 1415816704, 1415816704),
(66, 1, 5, ' کرج', '35.84001880', '50.93909060', 1415816704, 1415816704),
(67, 1, 5, ' نظرآباد', '35.95222200', '50.60750000', 1415816704, 1415816704),
(68, 1, 5, 'طالقان', '33.27291710', '52.19853140', 1415816704, 1415816704),
(69, 1, 6, ' آبدانان', '32.99250000', '47.41972200', 1415816704, 1415816704),
(70, 1, 6, ' ایلام', '33.29576180', '46.67053400', 1415816704, 1415816704),
(71, 1, 6, ' ایوان', '33.82722200', '46.30972200', 1415816704, 1415816704),
(72, 1, 6, ' دره شهر', '33.13972200', '47.37611100', 1415816704, 1415816704),
(73, 1, 6, ' دهلران', '32.69416700', '47.26777800', 1415816704, 1415816704),
(74, 1, 6, ' شیران و چرداول', '33.69383480', '46.74784930', 1415816704, 1415816704),
(75, 1, 6, ' مهران', '33.12222200', '46.16472200', 1415816704, 1415816704),
(76, 1, 7, ' بوشهر', '28.92338370', '50.82031400', 1415816704, 1415816704),
(77, 1, 7, ' تنگستان', '28.98375470', '50.83307080', 1415816704, 1415816704),
(78, 1, 7, ' جم', '27.82777800', '52.32694400', 1415816704, 1415816704),
(79, 1, 7, ' دشتستان', '29.26666700', '51.21666700', 1415816704, 1415816704),
(80, 1, 7, ' دشتی', '35.78451450', '51.43479610', 1415816704, 1415816704),
(81, 1, 7, ' دیر', '27.84000000', '51.93777800', 1415816704, 1415816704),
(82, 1, 7, ' دیلم', '30.11826320', '50.22612270', 1415816704, 1415816704),
(83, 1, 7, ' کنگان', '27.83704370', '52.06454730', 1415816704, 1415816704),
(84, 1, 7, ' گناوه', '29.57916700', '50.51694400', 1415816704, 1415816704),
(85, 1, 8, ' اسلام شهر', '35.54458050', '51.23024570', 1415816704, 1415816704),
(86, 1, 8, ' پاکدشت', '35.46689130', '51.68606250', 1415816704, 1415816704),
(87, 1, 8, ' تهران', '35.69611100', '51.42305600', 1415816704, 1415816704),
(88, 1, 8, ' دماوند', '35.94674940', '52.12754810', 1415816704, 1415816704),
(89, 1, 8, ' رباط کریم', '35.48472200', '51.08277800', 1415816704, 1415816704),
(90, 1, 8, ' ری', '48.34446630', '-103.16518450', 1415816704, 1415816704),
(91, 1, 8, ' شمیرانات', '35.95480210', '51.59916430', 1415816704, 1415816704),
(92, 1, 8, ' شهریار', '35.65972200', '51.05916700', 1415816704, 1415816704),
(93, 1, 8, ' فیروزکوه', '35.43867100', '60.80938700', 1415816704, 1415816704),
(94, 1, 8, ' ورامین', '35.32524070', '51.64719870', 1415816704, 1415816704),
(95, 1, 9, ' اردل', '31.99972200', '50.66166700', 1415816704, 1415816704),
(96, 1, 9, ' بروجن', '31.96527800', '51.28722200', 1415816704, 1415816704),
(97, 1, 9, ' شهرکرد', '32.32555600', '50.86444400', 1415816704, 1415816704),
(98, 1, 9, ' فارسان', '32.25820660', '50.57050880', 1415816704, 1415816704),
(99, 1, 9, ' کوهرنگ', '32.55583640', '51.67872520', 1415816704, 1415816704),
(100, 1, 9, ' لردگان', '31.51027800', '50.82944400', 1415816704, 1415816704),
(101, 1, 10, ' بیرجند', '32.86490390', '59.22624720', 1415816704, 1415816704),
(102, 1, 10, ' درمیان', '33.03394050', '60.11847970', 1415816704, 1415816704),
(103, 1, 10, ' سرایان', '33.86027800', '58.52166700', 1415816704, 1415816704),
(104, 1, 10, ' سر بیشه', '32.57555600', '59.79833300', 1415816704, 1415816704),
(105, 1, 10, ' فردوس', '34.01861100', '58.17222200', 1415816704, 1415816704),
(106, 1, 10, ' قائن', '33.72666700', '59.18444400', 1415816704, 1415816704),
(107, 1, 10, ' نهبندان', '31.54194400', '60.03638900', 1415816704, 1415816704),
(108, 1, 11, ' برد سکن', '35.26083300', '57.96972200', 1415816704, 1415816704),
(109, 1, 11, ' بجستان', '34.51638900', '58.18444400', 1415816704, 1415816704),
(110, 1, 11, ' تایباد', '34.74000000', '60.77555600', 1415816704, 1415816704),
(111, 1, 11, ' تحت جلگه', NULL, NULL, 1415816704, 1415816704),
(112, 1, 11, ' تربت جام', '35.24388900', '60.62250000', 1415816704, 1415816704),
(113, 1, 11, ' تربت حیدریه', '35.27388900', '59.21944400', 1415816704, 1415816704),
(114, 1, 11, ' چناران', '36.64555600', '59.12111100', 1415816704, 1415816704),
(115, 1, 11, ' جغتای', '36.57888530', '57.25121500', 1415816704, 1415816704),
(116, 1, 11, ' جوین', '36.63622380', '57.50799120', 1415816704, 1415816704),
(117, 1, 11, ' خلیل آباد', '35.25583300', '58.28638900', 1415816704, 1415816704),
(118, 1, 11, ' خواف', '34.57638900', '60.14083300', 1415816704, 1415816704),
(119, 1, 11, ' درگز', '37.44444400', '59.10805600', 1415816704, 1415816704),
(120, 1, 11, ' رشتخوار', '34.97472200', '59.62361100', 1415816704, 1415816704),
(121, 1, 11, ' زاوه', '35.27473220', '59.46777270', 1415816704, 1415816704),
(122, 1, 11, ' سبزوار', '36.21518230', '57.66782280', 1415816704, 1415816704),
(123, 1, 11, ' سرخس', '36.54500000', '61.15777800', 1415816704, 1415816704),
(124, 1, 11, ' فریمان', '35.70694400', '59.85000000', 1415816704, 1415816704),
(125, 1, 11, ' قوچان', '37.10611100', '58.50944400', 1415816704, 1415816704),
(126, 1, 11, 'طرقبه شاندیز', '36.35488410', '59.43839550', 1415816704, 1415816704),
(127, 1, 11, ' کاشمر', '35.23833300', '58.46555600', 1415816704, 1415816704),
(128, 1, 11, ' کلات', '34.19833300', '58.54444400', 1415816704, 1415816704),
(129, 1, 11, ' گناباد', '34.35277800', '58.68361100', 1415816704, 1415816704),
(130, 1, 11, ' مشهد', '36.26046230', '59.61675490', 1415816704, 1415816704),
(131, 1, 11, ' مه ولات', '35.02108290', '58.78181160', 1415816704, 1415816704),
(132, 1, 11, ' نیشابور', '36.21408650', '58.79609150', 1415816704, 1415816704),
(133, 1, 12, ' اسفراین', '37.07638900', '57.51000000', 1415816704, 1415816704),
(134, 1, 12, ' بجنورد', '37.47500000', '57.33333300', 1415816704, 1415816704),
(135, 1, 12, ' جاجرم', '36.95000000', '56.38000000', 1415816704, 1415816704),
(136, 1, 12, ' شیروان', '37.40923570', '57.92761840', 1415816704, 1415816704),
(137, 1, 12, ' فاروج', '37.23111100', '58.21888900', 1415816704, 1415816704),
(138, 1, 12, ' مانه و سملقان', '37.66206140', '56.74120700', 1415816704, 1415816704),
(139, 1, 13, ' آبادان', '30.34729600', '48.29340040', 1415816704, 1415816704),
(140, 1, 13, ' امیدیه', '30.74583300', '49.70861100', 1415816704, 1415816704),
(141, 1, 13, ' اندیمشک', '32.46000000', '48.35916700', 1415816704, 1415816704),
(142, 1, 13, ' اهواز', '31.31832720', '48.67061870', 1415816704, 1415816704),
(143, 1, 13, ' ایذه', '31.83416700', '49.86722200', 1415816704, 1415816704),
(144, 1, 13, ' باغ ملک', '32.39472060', '51.59653280', 1415816704, 1415816704),
(145, 1, 13, ' بندرماهشهر', '30.55888900', '49.19805600', 1415816704, 1415816704),
(146, 1, 13, ' بهبهان', '30.59583300', '50.24166700', 1415816704, 1415816704),
(147, 1, 13, ' خرمشهر', '30.42562190', '48.18911850', 1415816704, 1415816704),
(148, 1, 13, ' دزفول', '32.38307770', '48.42358410', 1415816704, 1415816704),
(149, 1, 13, ' دشت آزادگان', '31.55805600', '48.18083300', 1415816704, 1415816704),
(150, 1, 13, ' رامشیر', '30.89565210', '49.40947010', 1415816704, 1415816704),
(151, 1, 13, ' رامهرمز', '31.28000000', '49.60361100', 1415816704, 1415816704),
(152, 1, 13, ' شادگان', '30.64972200', '48.66472200', 1415816704, 1415816704),
(153, 1, 13, ' شوش', '32.19416700', '48.24361100', 1415816704, 1415816704),
(154, 1, 13, ' شوشتر', '32.04555600', '48.85666700', 1415816704, 1415816704),
(155, 1, 13, ' گتوند', '32.25138900', '48.81611100', 1415816704, 1415816704),
(156, 1, 13, ' لالی', '32.32888900', '49.09361100', 1415816704, 1415816704),
(157, 1, 13, ' مسجد سلیمان', '31.93638900', '49.30388900', 1415816704, 1415816704),
(158, 1, 13, ' هندیجان', '30.23638900', '49.71194400', 1415816704, 1415816704),
(159, 1, 14, ' ابهر', '36.14666700', '49.21805600', 1415816704, 1415816704),
(160, 1, 14, ' ایجرود', '36.41609280', '48.24692490', 1415816704, 1415816704),
(161, 1, 14, ' خدابنده', '36.11472200', '48.59111100', 1415816704, 1415816704),
(162, 1, 14, ' خرمدره', '36.20305600', '49.18694400', 1415816704, 1415816704),
(163, 1, 14, ' زنجان', '36.50181850', '48.39881860', 1415816704, 1415816704),
(164, 1, 14, ' طارم', '28.18042870', '55.74533670', 1415816704, 1415816704),
(165, 1, 14, ' ماه نشان', '36.74444400', '47.67250000', 1415816704, 1415816704),
(166, 1, 15, ' دامغان', '36.16833300', '54.34805600', 1415816704, 1415816704),
(167, 1, 15, ' سمنان', '35.22555850', '54.43421380', 1415816704, 1415816704),
(168, 1, 15, ' شاهرود', '36.41805600', '54.97638900', 1415816704, 1415816704),
(169, 1, 15, ' گرمسار', '35.21833300', '52.34083300', 1415816704, 1415816704),
(170, 1, 15, ' مهدی شهر', '35.70000000', '53.35000000', 1415816704, 1415816704),
(171, 1, 16, ' ایرانشهر', '27.20250000', '60.68472200', 1415816704, 1415816704),
(172, 1, 16, ' چابهار', '25.29194400', '60.64305600', 1415816704, 1415816704),
(173, 1, 16, ' خاش', '28.21666700', '61.20000000', 1415816704, 1415816704),
(174, 1, 16, ' دلگان', '27.60773570', '59.47209040', 1415816704, 1415816704),
(175, 1, 16, ' زابل', '31.02861100', '61.50111100', 1415816704, 1415816704),
(176, 1, 16, ' زاهدان', '29.49638900', '60.86277800', 1415816704, 1415816704),
(177, 1, 16, ' زهک', '30.89388900', '61.68027800', 1415816704, 1415816704),
(178, 1, 16, ' سراوان', '27.37083300', '62.33416700', 1415816704, 1415816704),
(179, 1, 16, ' سرباز', '26.63083300', '61.25638900', 1415816704, 1415816704),
(180, 1, 16, ' کنارک', '25.36027800', '60.39944400', 1415816704, 1415816704),
(181, 1, 16, ' نیکشهر', '26.41847190', '60.21107520', 1415816704, 1415816704),
(182, 1, 17, ' آباده', '31.16083300', '52.65055600', 1415816704, 1415816704),
(183, 1, 17, ' ارسنجان', '29.91250000', '53.30861100', 1415816704, 1415816704),
(184, 1, 17, ' استهبان', '29.12666700', '54.04222200', 1415816704, 1415816704),
(185, 1, 17, ' اقلید', '30.89888900', '52.68666700', 1415816704, 1415816704),
(186, 1, 17, ' بوانات', '30.48559070', '53.59333040', 1415816704, 1415816704),
(187, 1, 17, ' پاسارگاد', '30.20330750', '53.17901000', 1415816704, 1415816704),
(188, 1, 17, ' جهرم', '28.50000000', '53.56055600', 1415816704, 1415816704),
(189, 1, 17, ' خرم بید', '32.67083450', '51.64702790', 1415816704, 1415816704),
(190, 1, 17, ' خنج', '27.89138900', '53.43444400', 1415816704, 1415816704),
(191, 1, 17, ' داراب', '28.75194400', '54.54444400', 1415816704, 1415816704),
(192, 1, 17, ' زرین دشت', '28.35450470', '54.41780060', 1415816704, 1415816704),
(193, 1, 17, ' سپیدان', '30.24252820', '51.99241850', 1415816704, 1415816704),
(194, 1, 17, ' شیراز', '29.59176770', '52.58369820', 1415816704, 1415816704),
(195, 1, 17, ' فراشبند', '28.87138900', '52.09166700', 1415816704, 1415816704),
(196, 1, 17, ' فسا', '28.93833300', '53.64833300', 1415816704, 1415816704),
(197, 1, 17, ' فیروزآباد', '28.84388900', '52.57083300', 1415816704, 1415816704),
(198, 1, 17, ' قیر و کارزین', '28.42998000', '53.09516000', 1415816704, 1415816704),
(199, 1, 17, ' کازرون', '29.61944400', '51.65416700', 1415816704, 1415816704),
(200, 1, 17, ' لارستان', '27.68111100', '54.34027800', 1415816704, 1415816704),
(201, 1, 17, ' لامرد', '27.34237710', '53.18035580', 1415816704, 1415816704),
(202, 1, 17, ' مرودشت', '29.87416700', '52.80250000', 1415816704, 1415816704),
(203, 1, 17, ' ممسنی', '31.96003450', '50.51226520', 1415816704, 1415816704),
(204, 1, 17, ' مهر', '27.55599310', '52.88472050', 1415816704, 1415816704),
(205, 1, 17, ' نی ریز', '29.19888900', '54.32777800', 1415816704, 1415816704),
(206, 1, 18, ' آبیک', '36.04000000', '50.53111100', 1415816704, 1415816704),
(207, 1, 18, ' البرز', '35.99604670', '50.92892460', 1415816704, 1415816704),
(208, 1, 18, ' بوئین زهرا', '35.76694400', '50.05777800', 1415816704, 1415816704),
(209, 1, 18, ' تاکستان', '36.06972200', '49.69583300', 1415816704, 1415816704),
(210, 1, 18, ' قزوین', '36.08813170', '49.85472660', 1415816704, 1415816704),
(211, 1, 19, ' قم', '34.63994430', '50.87594190', 1415816704, 1415816704),
(212, 1, 20, ' بانه', '35.99859990', '45.88234280', 1415816704, 1415816704),
(213, 1, 20, ' بیجار', '32.73527800', '59.46666700', 1415816704, 1415816704),
(214, 1, 20, ' دیواندره', '35.91388900', '47.02388900', 1415816704, 1415816704),
(215, 1, 20, ' سروآباد', '35.31250000', '46.36694400', 1415816704, 1415816704),
(216, 1, 20, ' سقز', '36.24638900', '46.26638900', 1415816704, 1415816704),
(217, 1, 20, ' سنندج', '35.32187480', '46.98616470', 1415816704, 1415816704),
(218, 1, 20, ' قروه', '35.16789340', '47.80382720', 1415816704, 1415816704),
(219, 1, 20, ' کامیاران', '34.79555600', '46.93555600', 1415816704, 1415816704),
(220, 1, 20, ' مریوان', '35.52694400', '46.17638900', 1415816704, 1415816704),
(221, 1, 21, ' بافت', '29.23305600', '56.60222200', 1415816704, 1415816704),
(222, 1, 21, ' بردسیر', '29.92750000', '56.57222200', 1415816704, 1415816704),
(223, 1, 21, ' بم', '29.10611100', '58.35694400', 1415816704, 1415816704),
(224, 1, 21, ' جیرفت', '28.67511240', '57.73715690', 1415816704, 1415816704),
(225, 1, 21, ' راور', '31.26555600', '56.80555600', 1415816704, 1415816704),
(226, 1, 21, ' رفسنجان', '30.40666700', '55.99388900', 1415816704, 1415816704),
(227, 1, 21, ' رودبار جنوب', '36.82412890', '49.42372740', 1415816704, 1415816704),
(228, 1, 21, ' زرند', '30.81277800', '56.56388900', 1415816704, 1415816704),
(229, 1, 21, ' سیرجان', '29.45866760', '55.67140510', 1415816704, 1415816704),
(230, 1, 21, ' شهر بابک', '30.11638900', '55.11861100', 1415816704, 1415816704),
(231, 1, 21, ' عنبرآباد', '28.47833330', '57.84138890', 1415816704, 1415816704),
(232, 1, 21, ' قلعه گنج', '27.52361100', '57.88111100', 1415816704, 1415816704),
(233, 1, 21, ' کرمان', '29.48500890', '57.64390480', 1415816704, 1415816704),
(234, 1, 21, ' کوهبنان', '31.41027800', '56.28250000', 1415816704, 1415816704),
(235, 1, 21, ' کهنوج', '27.94676030', '57.70625720', 1415816704, 1415816704),
(236, 1, 21, ' منوجان', '27.44756260', '57.50516160', 1415816704, 1415816704),
(237, 1, 22, ' اسلام آباد غرب', '33.72938820', '73.09314610', 1415816704, 1415816704),
(238, 1, 22, ' پاوه', '35.04333300', '46.35638900', 1415816704, 1415816704),
(239, 1, 22, ' ثلاث باباجانی', '34.73583710', '46.14939690', 1415816704, 1415816704),
(240, 1, 22, ' جوانرود', '34.80666700', '46.48861100', 1415816704, 1415816704),
(241, 1, 22, ' دالاهو', '34.28416700', '46.24222200', 1415816704, 1415816704),
(242, 1, 22, ' روانسر', '34.71208920', '46.65129980', 1415816704, 1415816704),
(243, 1, 22, ' سرپل ذهاب', '34.46111100', '45.86277800', 1415816704, 1415816704),
(244, 1, 22, ' سنقر', '34.78361100', '47.60027800', 1415816704, 1415816704),
(245, 1, 22, ' صحنه', '34.48138900', '47.69083300', 1415816704, 1415816704),
(246, 1, 22, ' قصر شیرین', '34.51590310', '45.57768590', 1415816704, 1415816704),
(247, 1, 22, ' کرمانشاه', '34.45762330', '46.67053400', 1415816704, 1415816704),
(248, 1, 22, ' کنگاور', '34.50416700', '47.96527800', 1415816704, 1415816704),
(249, 1, 22, ' گیلان غرب', '34.14222200', '45.92027800', 1415816704, 1415816704),
(250, 1, 22, ' هرسین', '34.27191490', '47.60461830', 1415816704, 1415816704),
(251, 1, 23, ' بویر احمد', '30.72458600', '50.84563230', 1415816704, 1415816704),
(252, 1, 23, ' بهمئی', NULL, NULL, 1415816704, 1415816704),
(253, 1, 23, ' دنا', '30.95166660', '51.43750000', 1415816704, 1415816704),
(254, 1, 23, ' کهگیلویه', NULL, NULL, 1415816704, 1415816704),
(255, 1, 23, ' گچساران', '30.35000000', '50.80000000', 1415816704, 1415816704),
(256, 1, 24, ' آزادشهر', '37.08694400', '55.17388900', 1415816704, 1415816704),
(257, 1, 24, ' آق قلا', '37.01388900', '54.45500000', 1415816704, 1415816704),
(258, 1, 24, ' بندر گز', '36.77496500', '53.94617490', 1415816704, 1415816704),
(259, 1, 24, ' بندر ترکمن', '36.90166700', '54.07083300', 1415816704, 1415816704),
(260, 1, 24, ' رامیان', '37.01611100', '55.14111100', 1415816704, 1415816704),
(261, 1, 24, ' علی آباد', '36.30822600', '74.61954740', 1415816704, 1415816704),
(262, 1, 24, ' کرد کوی', '36.79414260', '54.11027400', 1415816704, 1415816704),
(263, 1, 24, ' کلاله', '37.38083300', '55.49166700', 1415816704, 1415816704),
(264, 1, 24, ' گرگان', '36.84564270', '54.43933630', 1415816704, 1415816704),
(265, 1, 24, ' گنبد کاووس', '37.25000000', '55.16722200', 1415816704, 1415816704),
(266, 1, 24, ' مینو دشت', '37.22888900', '55.37472200', 1415816704, 1415816704),
(267, 1, 25, ' آستارا', '38.42916700', '48.87194400', 1415816704, 1415816704),
(268, 1, 25, ' آستانه اشرفیه', '37.25980220', '49.94366210', 1415816704, 1415816704),
(269, 1, 25, ' املش', '37.09163340', '50.18693770', 1415816704, 1415816704),
(270, 1, 25, ' بندر انزلی', '37.47244670', '49.45873120', 1415816704, 1415816704),
(271, 1, 25, ' رشت', '37.28083300', '49.58305600', 1415816704, 1415816704),
(272, 1, 25, ' رضوانشهر', '37.55067500', '49.14098010', 1415816704, 1415816704),
(273, 1, 25, ' رودبار', '36.82412890', '49.42372740', 1415816704, 1415816704),
(274, 1, 25, ' رودسر', '37.13784150', '50.28361990', 1415816704, 1415816704),
(275, 1, 25, ' سیاهکل', '37.15277800', '49.87083300', 1415816704, 1415816704),
(276, 1, 25, ' شفت', '39.63063100', '-78.92954200', 1415816704, 1415816704),
(277, 1, 25, ' صومعه سرا', '37.31166700', '49.32194400', 1415816704, 1415816704),
(278, 1, 25, ' طوالش', '37.00000000', '48.42222220', 1415816704, 1415816704),
(279, 1, 25, ' فومن', '37.22388900', '49.31250000', 1415816704, 1415816704),
(280, 1, 25, ' لاهیجان', '37.20722200', '50.00388900', 1415816704, 1415816704),
(281, 1, 25, ' لنگرود', '37.19694400', '50.15361100', 1415816704, 1415816704),
(282, 1, 25, ' ماسال', '37.36211850', '49.13147690', 1415816704, 1415816704),
(283, 1, 26, ' ازنا', '33.45583300', '49.45555600', 1415816704, 1415816704),
(284, 1, 26, ' الیگودرز', '33.40055600', '49.69500000', 1415816704, 1415816704),
(285, 1, 26, ' بروجرد', '33.89419930', '48.76703300', 1415816704, 1415816704),
(286, 1, 26, ' پلدختر', '33.15361100', '47.71361100', 1415816704, 1415816704),
(287, 1, 26, ' خرم آباد', '33.48777800', '48.35583300', 1415816704, 1415816704),
(288, 1, 26, ' دورود', '33.49550280', '49.06317430', 1415816704, 1415816704),
(289, 1, 17, ' لامرد', '27.34237710', '53.18035580', 1415816704, 1415816704),
(290, 1, 17, ' مرودشت', '29.87416700', '52.80250000', 1415816704, 1415816704),
(291, 1, 17, ' ممسنی', '31.96003450', '50.51226520', 1415816704, 1415816704),
(292, 1, 17, ' مهر', '27.55599310', '52.88472050', 1415816704, 1415816704),
(293, 1, 17, ' نی ریز', '29.19888900', '54.32777800', 1415816704, 1415816704),
(294, 1, 18, ' آبیک', '36.04000000', '50.53111100', 1415816704, 1415816704),
(295, 1, 18, ' البرز', '35.99604670', '50.92892460', 1415816704, 1415816704),
(296, 1, 18, ' بوئین زهرا', '35.76694400', '50.05777800', 1415816704, 1415816704),
(297, 1, 18, ' تاکستان', '36.06972200', '49.69583300', 1415816704, 1415816704),
(298, 1, 18, ' قزوین', '36.08813170', '49.85472660', 1415816704, 1415816704),
(299, 1, 19, ' قم', '34.63994430', '50.87594190', 1415816704, 1415816704),
(300, 1, 20, ' بانه', '35.99859990', '45.88234280', 1415816704, 1415816704),
(301, 1, 20, ' بیجار', '32.73527800', '59.46666700', 1415816704, 1415816704),
(302, 1, 20, ' دیواندره', '35.91388900', '47.02388900', 1415816704, 1415816704),
(303, 1, 20, ' سروآباد', '35.31250000', '46.36694400', 1415816704, 1415816704),
(304, 1, 20, ' سقز', '36.24638900', '46.26638900', 1415816704, 1415816704),
(305, 1, 20, ' سنندج', '35.32187480', '46.98616470', 1415816704, 1415816704),
(306, 1, 20, ' قروه', '35.16789340', '47.80382720', 1415816704, 1415816704),
(307, 1, 20, ' کامیاران', '34.79555600', '46.93555600', 1415816704, 1415816704),
(308, 1, 20, ' مریوان', '35.52694400', '46.17638900', 1415816704, 1415816704),
(309, 1, 21, ' بافت', '29.23305600', '56.60222200', 1415816704, 1415816704),
(310, 1, 21, ' بردسیر', '29.92750000', '56.57222200', 1415816704, 1415816704),
(311, 1, 21, ' بم', '29.10611100', '58.35694400', 1415816704, 1415816704),
(312, 1, 21, ' جیرفت', '28.67511240', '57.73715690', 1415816704, 1415816704),
(313, 1, 21, ' راور', '31.26555600', '56.80555600', 1415816704, 1415816704),
(314, 1, 21, ' رفسنجان', '30.40666700', '55.99388900', 1415816704, 1415816704),
(315, 1, 21, ' رودبار جنوب', '36.82412890', '49.42372740', 1415816704, 1415816704),
(316, 1, 21, ' زرند', '30.81277800', '56.56388900', 1415816704, 1415816704),
(317, 1, 21, ' سیرجان', '29.45866760', '55.67140510', 1415816704, 1415816704),
(318, 1, 21, ' شهر بابک', '30.11638900', '55.11861100', 1415816704, 1415816704),
(319, 1, 21, ' عنبرآباد', '28.47833330', '57.84138890', 1415816704, 1415816704),
(320, 1, 21, ' قلعه گنج', '27.52361100', '57.88111100', 1415816704, 1415816704),
(321, 1, 21, ' کرمان', '29.48500890', '57.64390480', 1415816704, 1415816704),
(322, 1, 21, ' کوهبنان', '31.41027800', '56.28250000', 1415816704, 1415816704),
(323, 1, 21, ' کهنوج', '27.94676030', '57.70625720', 1415816704, 1415816704),
(324, 1, 21, ' منوجان', '27.44756260', '57.50516160', 1415816704, 1415816704),
(325, 1, 22, ' اسلام آباد غرب', '33.72938820', '73.09314610', 1415816704, 1415816704),
(326, 1, 22, ' پاوه', '35.04333300', '46.35638900', 1415816704, 1415816704),
(327, 1, 22, ' ثلاث باباجانی', '34.73583710', '46.14939690', 1415816704, 1415816704),
(328, 1, 22, ' جوانرود', '34.80666700', '46.48861100', 1415816704, 1415816704),
(329, 1, 22, ' دالاهو', '34.28416700', '46.24222200', 1415816704, 1415816704),
(330, 1, 22, ' روانسر', '34.71208920', '46.65129980', 1415816704, 1415816704),
(332, 1, 22, ' سنقر', '34.78361100', '47.60027800', 1415816704, 1415816704),
(333, 1, 22, ' صحنه', '34.48138900', '47.69083300', 1415816704, 1415816704),
(334, 1, 22, ' قصر شیرین', '34.51590310', '45.57768590', 1415816704, 1415816704),
(335, 1, 22, ' کرمانشاه', '34.45762330', '46.67053400', 1415816704, 1415816704),
(336, 1, 22, ' کنگاور', '34.50416700', '47.96527800', 1415816704, 1415816704),
(337, 1, 22, ' گیلان غرب', '34.14222200', '45.92027800', 1415816704, 1415816704),
(338, 1, 22, ' هرسین', '34.27191490', '47.60461830', 1415816704, 1415816704),
(339, 1, 23, ' بویر احمد', '30.72458600', '50.84563230', 1415816704, 1415816704),
(341, 1, 23, ' دنا', '30.95166660', '51.43750000', 1415816704, 1415816704),
(343, 1, 23, ' گچساران', '30.35000000', '50.80000000', 1415816704, 1415816704),
(344, 1, 24, ' آزادشهر', '37.08694400', '55.17388900', 1415816704, 1415816704),
(345, 1, 24, ' آق قلا', '37.01388900', '54.45500000', 1415816704, 1415816704),
(346, 1, 24, ' بندر گز', '36.77496500', '53.94617490', 1415816704, 1415816704),
(347, 1, 24, ' بندر ترکمن', '36.90166700', '54.07083300', 1415816704, 1415816704),
(348, 1, 24, ' رامیان', '37.01611100', '55.14111100', 1415816704, 1415816704),
(349, 1, 24, ' علی آباد', '36.30822600', '74.61954740', 1415816704, 1415816704),
(350, 1, 24, ' کرد کوی', '36.79414260', '54.11027400', 1415816704, 1415816704),
(351, 1, 24, ' کلاله', '37.38083300', '55.49166700', 1415816704, 1415816704),
(352, 1, 24, ' گرگان', '36.84564270', '54.43933630', 1415816704, 1415816704),
(353, 1, 24, ' گنبد کاووس', '37.25000000', '55.16722200', 1415816704, 1415816704),
(354, 1, 24, ' مینو دشت', '37.22888900', '55.37472200', 1415816704, 1415816704),
(355, 1, 25, ' آستارا', '38.42916700', '48.87194400', 1415816704, 1415816704),
(356, 1, 25, ' آستانه اشرفیه', '37.25980220', '49.94366210', 1415816704, 1415816704),
(357, 1, 25, ' املش', '37.09163340', '50.18693770', 1415816704, 1415816704),
(358, 1, 25, ' بندر انزلی', '37.47244670', '49.45873120', 1415816704, 1415816704),
(359, 1, 25, ' رشت', '37.28083300', '49.58305600', 1415816704, 1415816704),
(360, 1, 25, ' رضوانشهر', '37.55067500', '49.14098010', 1415816704, 1415816704),
(361, 1, 25, ' رودبار', '36.82412890', '49.42372740', 1415816704, 1415816704),
(362, 1, 25, ' رودسر', '37.13784150', '50.28361990', 1415816704, 1415816704),
(363, 1, 25, ' سیاهکل', '37.15277800', '49.87083300', 1415816704, 1415816704),
(364, 1, 25, ' شفت', '39.63063100', '-78.92954200', 1415816704, 1415816704),
(365, 1, 25, ' صومعه سرا', '37.31166700', '49.32194400', 1415816704, 1415816704),
(366, 1, 25, ' طوالش', '37.00000000', '48.42222220', 1415816704, 1415816704),
(367, 1, 25, ' فومن', '37.22388900', '49.31250000', 1415816704, 1415816704),
(368, 1, 25, ' لاهیجان', '37.20722200', '50.00388900', 1415816704, 1415816704),
(369, 1, 25, ' لنگرود', '37.19694400', '50.15361100', 1415816704, 1415816704),
(370, 1, 25, ' ماسال', '37.36211850', '49.13147690', 1415816704, 1415816704),
(371, 1, 26, ' ازنا', '33.45583300', '49.45555600', 1415816704, 1415816704),
(372, 1, 26, ' الیگودرز', '33.40055600', '49.69500000', 1415816704, 1415816704),
(373, 1, 26, ' بروجرد', '33.89419930', '48.76703300', 1415816704, 1415816704),
(374, 1, 26, ' پلدختر', '33.15361100', '47.71361100', 1415816704, 1415816704),
(375, 1, 26, ' خرم آباد', '33.48777800', '48.35583300', 1415816704, 1415816704),
(376, 1, 26, ' دورود', '33.49550280', '49.06317430', 1415816704, 1415816704),
(377, 1, 26, ' دلفان', '33.50340140', '48.35758360', 1415816704, 1415816704),
(378, 1, 26, ' سلسله', '32.04577600', '34.75163900', 1415816704, 1415816704),
(379, 1, 26, ' کوهدشت', '33.53500000', '47.60611100', 1415816704, 1415816704),
(380, 1, 26, ' الشتر', '33.86398880', '48.26423870', 1415816704, 1415816704),
(381, 1, 26, ' نورآباد', '30.11416700', '51.52166700', 1415816704, 1415816704),
(382, 1, 27, ' آمل', '36.46972200', '52.35083300', 1415816704, 1415816704),
(383, 1, 27, ' بابل', '32.46819100', '44.55019350', 1415816704, 1415816704),
(384, 1, 27, ' بابلسر', '36.70250000', '52.65750000', 1415816704, 1415816704),
(385, 1, 27, ' بهشهر', '36.69222200', '53.55250000', 1415816704, 1415816704),
(386, 1, 27, ' تنکابن', '36.81638900', '50.87388900', 1415816704, 1415816704),
(387, 1, 27, ' جویبار', '36.64111100', '52.91250000', 1415816704, 1415816704),
(388, 1, 27, ' چالوس', '36.64591740', '51.40697900', 1415816704, 1415816704),
(389, 1, 27, ' رامسر', '36.90305600', '50.65833300', 1415816704, 1415816704),
(390, 1, 27, ' ساری', '36.56333300', '53.06000000', 1415816704, 1415816704),
(391, 1, 27, ' سوادکوه', '36.30402550', '52.88524030', 1415816704, 1415816704),
(392, 1, 27, ' قائم شهر', '36.46305600', '52.86000000', 1415816704, 1415816704),
(393, 1, 27, ' گلوگاه', '36.72722200', '53.80888900', 1415816704, 1415816704),
(394, 1, 27, ' محمود آباد', '36.63194400', '52.26277800', 1415816704, 1415816704),
(395, 1, 27, ' نکا', '36.65083300', '53.29916700', 1415816704, 1415816704),
(396, 1, 27, ' نور', '50.38512460', '3.26424360', 1415816704, 1415816704),
(397, 1, 27, ' نوشهر', '36.64888900', '51.49611100', 1415816704, 1415816704),
(398, 1, 27, ' فریدونکنار', '36.68638900', '52.52250000', 1415816704, 1415816704),
(399, 1, 28, ' آشتیان', '34.52194400', '50.00611100', 1415816704, 1415816704),
(400, 1, 28, ' اراک', '34.09166700', '49.68916700', 1415816704, 1415816704),
(401, 1, 28, ' تفرش', '34.69194400', '50.01305600', 1415816704, 1415816704),
(402, 1, 28, ' خمین', '33.64061480', '50.07711250', 1415816704, 1415816704),
(403, 1, 28, ' دلیجان', '33.99055600', '50.68388900', 1415816704, 1415816704),
(404, 1, 28, ' زرندیه', '35.30699620', '50.49117920', 1415816704, 1415816704),
(405, 1, 28, ' ساوه', '35.02138900', '50.35666700', 1415816704, 1415816704),
(406, 1, 28, ' شازند', '33.92750000', '49.41166700', 1415816704, 1415816704),
(407, 1, 28, ' کمیجان', '34.71916700', '49.32666700', 1415816704, 1415816704),
(408, 1, 28, ' محلات', '33.90857480', '50.45526160', 1415816704, 1415816704),
(409, 1, 29, ' بندرعباس', '27.18322160', '56.26664550', 1415816704, 1415816704),
(410, 1, 29, ' میناب', '27.14666700', '57.08000000', 1415816704, 1415816704),
(411, 1, 29, ' بندر لنگه', '26.55805600', '54.88055600', 1415816704, 1415816704),
(412, 1, 29, ' رودان-دهبارز', '27.44083300', '57.19250000', 1415816704, 1415816704),
(413, 1, 29, ' جاسک', '25.64388900', '57.77444400', 1415816704, 1415816704),
(414, 1, 29, ' قشم', '26.81186730', '55.89132070', 1415816704, 1415816704),
(415, 1, 29, ' حاجی آباد', '28.30916700', '55.90166700', 1415816704, 1415816704),
(416, 1, 29, ' ابوموسی', '25.87971060', '55.03280170', 1415816704, 1415816704),
(417, 1, 29, ' بستک', '27.19916700', '54.36666700', 1415816704, 1415816704),
(418, 1, 29, ' گاوبندی', '27.20833300', '53.03611100', 1415816704, 1415816704),
(419, 1, 29, ' خمیر', '26.95222200', '55.58500000', 1415816704, 1415816704),
(420, 1, 30, ' اسدآباد', '34.78250000', '48.11861100', 1415816704, 1415816704),
(421, 1, 30, ' بهار', '34.90832520', '48.43927290', 1415816704, 1415816704),
(422, 1, 30, ' تویسرکان', '34.54805600', '48.44694400', 1415816704, 1415816704),
(423, 1, 30, ' رزن', '35.38666700', '49.03388900', 1415816704, 1415816704),
(424, 1, 30, ' کبودر آهنگ', '35.20833300', '48.72388900', 1415816704, 1415816704),
(425, 1, 30, ' ملایر', '34.29694400', '48.82361100', 1415816704, 1415816704),
(426, 1, 30, ' نهاوند', '34.18861100', '48.37694400', 1415816704, 1415816704),
(427, 1, 30, ' همدان', '34.76079990', '48.39881860', 1415816704, 1415816704),
(428, 1, 31, ' ابرکوه', '31.13040360', '53.25037360', 1415816704, 1415816704),
(429, 1, 31, ' اردکان', '32.31000000', '54.01750000', 1415816704, 1415816704),
(430, 1, 31, ' بافق', '31.61277800', '55.41055600', 1415816704, 1415816704),
(431, 1, 31, ' تفت', '27.97890740', '-97.39860410', 1415816704, 1415816704),
(432, 1, 31, ' خاتم', '37.27091520', '49.59691460', 1415816704, 1415816704),
(433, 1, 31, ' صدوق', '32.02421620', '53.47703590', 1415816704, 1415816704),
(434, 1, 31, ' طبس', '33.59583300', '56.92444400', 1415816704, 1415816704),
(435, 1, 31, ' مهریز', '31.59166700', '54.43166700', 1415816704, 1415816704),
(436, 1, 31, ' میبد', '32.24872260', '54.00793410', 1415816704, 1415816704),
(437, 1, 31, ' یزد', '32.10063870', '54.43421380', 1415816704, 1415816704);

CREATE TABLE IF NOT EXISTS `country` (
`id` int(11) NOT NULL,
  `user_id` int(11) DEFAULT NULL,
  `name` varchar(64) COLLATE utf8_unicode_ci NOT NULL,
  `latitude` decimal(10,8) NOT NULL,
  `longitude` decimal(11,8) NOT NULL,
  `created_at` int(11) NOT NULL,
  `updated_at` int(11) NOT NULL
) ENGINE=InnoDB DEFAULT CHARSET=utf8 COLLATE=utf8_unicode_ci;

INSERT INTO `country` (`id`, `user_id`, `name`, `latitude`, `longitude`, `created_at`, `updated_at`) VALUES
(1, 1, 'ایران', '32.56163037', '54.40429688', 1415816704, 1415816704);

CREATE TABLE IF NOT EXISTS `gallery` (
`id` int(11) NOT NULL,
  `user_id` int(11) NOT NULL,
  `adver_id` int(11) NOT NULL,
  `name` varchar(255) CHARACTER SET utf16 COLLATE utf16_unicode_ci NOT NULL,
  `title` varchar(255) CHARACTER SET utf16 COLLATE utf16_unicode_ci DEFAULT NULL,
  `index` int(11) NOT NULL,
  `created_at` int(11) DEFAULT NULL,
  `updated_at` int(11) DEFAULT NULL
) ENGINE=InnoDB DEFAULT CHARSET=utf8 COLLATE=utf8_unicode_ci;

CREATE TABLE IF NOT EXISTS `province` (
`id` int(11) NOT NULL,
  `user_id` int(11) DEFAULT NULL,
  `country_id` int(11) DEFAULT NULL,
  `name` varchar(64) COLLATE utf8_unicode_ci NOT NULL,
  `latitude` decimal(10,8) DEFAULT NULL,
  `longitude` decimal(11,8) DEFAULT NULL,
  `created_at` int(11) NOT NULL,
  `updated_at` int(11) NOT NULL
) ENGINE=InnoDB DEFAULT CHARSET=utf8 COLLATE=utf8_unicode_ci;

INSERT INTO `province` (`id`, `user_id`, `country_id`, `name`, `latitude`, `longitude`, `created_at`, `updated_at`) VALUES
(1, 1, 1, 'آذربایجان شرقی', '37.90357330', '46.26821090', 1415816704, 1415816704),
(2, 1, 1, 'آذربایجان غربی', '37.45500620', '45.00000000', 1415816704, 1415816704),
(3, 1, 1, 'اردبیل', '38.48532760', '47.89112090', 1415816704, 1415816704),
(4, 1, 1, 'اصفهان', '32.65463298', '51.66798434', 1415816704, 1415816704),
(5, 1, 1, 'البرز', '35.99604670', '50.92892460', 1415816704, 1415816704),
(6, 1, 1, 'ایلام', '33.29576180', '46.67053400', 1415816704, 1415816704),
(7, 1, 1, 'بوشهر', '28.92338370', '50.82031400', 1415816704, 1415816704),
(8, 1, 1, 'تهران', '35.69611100', '51.42305600', 1415816704, 1415816704),
(9, 1, 1, 'چهارمحال و بختیاری', '31.96143480', '50.84563230', 1415816704, 1415816704),
(10, 1, 1, 'خراسان جنوبی', '32.51756430', '59.10417580', 1415816704, 1415816704),
(11, 1, 1, 'خراسان رضوی', '35.10202530', '59.10417580', 1415816704, 1415816704),
(12, 1, 1, 'خراسان شمالی', '37.47103530', '57.10131880', 1415816704, 1415816704),
(13, 1, 1, 'خوزستان', '31.43601490', '49.04131200', 1415816704, 1415816704),
(14, 1, 1, 'زنجان', '36.50181850', '48.39881860', 1415816704, 1415816704),
(15, 1, 1, 'سمنان', '35.22555850', '54.43421380', 1415816704, 1415816704),
(16, 1, 1, 'سیستان و بلوچستان', '27.52999060', '60.58206760', 1415816704, 1415816704),
(17, 1, 1, 'فارس', '29.10438130', '53.04589300', 1415816704, 1415816704),
(18, 1, 1, 'قزوین', '36.08813170', '49.85472660', 1415816704, 1415816704),
(19, 1, 1, 'قم', '34.63994430', '50.87594190', 1415816704, 1415816704),
(20, 1, 1, 'كردستان', '35.95535790', '47.13621250', 1415816704, 1415816704),
(21, 1, 1, 'كرمان', '30.28393790', '57.08336280', 1415816704, 1415816704),
(22, 1, 1, 'كرمانشاه', '34.31416700', '47.06500000', 1415816704, 1415816704),
(23, 1, 1, 'کهگیلویه و بویراحمد', '30.65094790', '51.60525000', 1415816704, 1415816704),
(24, 1, 1, 'گلستان', '37.28981230', '55.13758340', 1415816704, 1415816704),
(25, 1, 1, 'گیلان', '37.11716170', '49.52799960', 1415816704, 1415816704),
(26, 1, 1, 'لرستان', '33.58183940', '48.39881860', 1415816704, 1415816704),
(27, 1, 1, 'مازندران', '36.22623930', '52.53186040', 1415816704, 1415816704),
(28, 1, 1, 'مركزی', '33.50932940', '-92.39611900', 1415816704, 1415816704),
(29, 1, 1, 'هرمزگان', '27.13872300', '55.13758340', 1415816704, 1415816704),
(30, 1, 1, 'همدان', '34.76079990', '48.39881860', 1415816704, 1415816704),
(31, 1, 1, 'یزد', '32.10063870', '54.43421380', 1415816704, 1415816704);

CREATE TABLE IF NOT EXISTS `user` (
`id` int(11) NOT NULL,
  `username` varchar(255) COLLATE utf8_unicode_ci NOT NULL,
  `auth_key` varchar(32) COLLATE utf8_unicode_ci NOT NULL,
  `password_hash` varchar(255) COLLATE utf8_unicode_ci NOT NULL,
  `password_reset_token` varchar(255) COLLATE utf8_unicode_ci DEFAULT NULL,
  `email` varchar(255) COLLATE utf8_unicode_ci NOT NULL,
  `status` smallint(6) NOT NULL DEFAULT '10',
  `created_at` int(11) NOT NULL,
  `updated_at` int(11) NOT NULL
) ENGINE=InnoDB DEFAULT CHARSET=utf8 COLLATE=utf8_unicode_ci;

INSERT INTO `user` (`id`, `username`, `auth_key`, `password_hash`, `password_reset_token`, `email`, `status`, `created_at`, `updated_at`) VALUES
(1, 'admin', 'oAlSE_g-oU7KM2seRTMmQGvE4LT4x2EV', '$2y$13$PcpVMc6LneoBOojH.D/wceRKmQQMSKEffR6B9txA0RU5GJsXydehO', NULL, 'mjafaripur@yahoo.com', 1, 1414711946, 1433187615);


ALTER TABLE `adver`
 ADD PRIMARY KEY (`id`), ADD KEY `province_id` (`province_id`), ADD KEY `city_id` (`city_id`), ADD KEY `country_id` (`country_id`), ADD KEY `category_id` (`category_id`), ADD KEY `user_id` (`user_id`,`status`,`latitude`,`longitude`,`created_at`,`updated_at`) USING BTREE, ADD KEY `lang` (`lang`) USING BTREE;

ALTER TABLE `attachment`
 ADD PRIMARY KEY (`id`), ADD KEY `user_id` (`user_id`,`adver_id`,`index`), ADD KEY `adver_id` (`adver_id`);

ALTER TABLE `auth_assignment`
 ADD PRIMARY KEY (`item_name`,`user_id`);

ALTER TABLE `auth_item`
 ADD PRIMARY KEY (`name`), ADD KEY `rule_name` (`rule_name`), ADD KEY `idx-auth_item-type` (`type`);

ALTER TABLE `auth_item_child`
 ADD PRIMARY KEY (`parent`,`child`), ADD KEY `child` (`child`);

ALTER TABLE `auth_rule`
 ADD PRIMARY KEY (`name`);

ALTER TABLE `categories`
 ADD PRIMARY KEY (`id`), ADD KEY `user_id` (`user_id`), ADD KEY `status` (`status`);

ALTER TABLE `city`
 ADD PRIMARY KEY (`id`), ADD KEY `province` (`province_id`), ADD KEY `latitude_longitude` (`latitude`,`longitude`) USING BTREE, ADD KEY `user_id` (`user_id`);

ALTER TABLE `country`
 ADD PRIMARY KEY (`id`), ADD KEY `user_id` (`user_id`), ADD KEY `latitude_longitude` (`latitude`,`longitude`);

ALTER TABLE `gallery`
 ADD PRIMARY KEY (`id`), ADD KEY `user_id` (`user_id`,`adver_id`,`index`), ADD KEY `adver_id` (`adver_id`);

ALTER TABLE `province`
 ADD PRIMARY KEY (`id`), ADD KEY `latitude_longitude` (`latitude`,`longitude`) USING BTREE, ADD KEY `country` (`country_id`), ADD KEY `user_id` (`user_id`);

ALTER TABLE `user`
 ADD PRIMARY KEY (`id`), ADD UNIQUE KEY `user_username_email` (`username`,`email`), ADD KEY `user_status` (`status`,`created_at`,`updated_at`);


ALTER TABLE `adver`
MODIFY `id` int(11) NOT NULL AUTO_INCREMENT;
ALTER TABLE `attachment`
MODIFY `id` int(11) NOT NULL AUTO_INCREMENT;
ALTER TABLE `categories`
MODIFY `id` int(11) NOT NULL AUTO_INCREMENT;
ALTER TABLE `city`
MODIFY `id` int(11) NOT NULL AUTO_INCREMENT;
ALTER TABLE `country`
MODIFY `id` int(11) NOT NULL AUTO_INCREMENT;
ALTER TABLE `gallery`
MODIFY `id` int(11) NOT NULL AUTO_INCREMENT;
ALTER TABLE `province`
MODIFY `id` int(11) NOT NULL AUTO_INCREMENT;
ALTER TABLE `user`
MODIFY `id` int(11) NOT NULL AUTO_INCREMENT;

ALTER TABLE `adver`
ADD CONSTRAINT `adver_ibfk_1` FOREIGN KEY (`user_id`) REFERENCES `user` (`id`) ON DELETE SET NULL ON UPDATE CASCADE,
ADD CONSTRAINT `adver_ibfk_2` FOREIGN KEY (`province_id`) REFERENCES `province` (`id`) ON DELETE SET NULL ON UPDATE CASCADE,
ADD CONSTRAINT `adver_ibfk_3` FOREIGN KEY (`city_id`) REFERENCES `city` (`id`) ON DELETE SET NULL ON UPDATE CASCADE,
ADD CONSTRAINT `adver_ibfk_4` FOREIGN KEY (`country_id`) REFERENCES `country` (`id`) ON DELETE SET NULL ON UPDATE CASCADE,
ADD CONSTRAINT `adver_ibfk_5` FOREIGN KEY (`category_id`) REFERENCES `categories` (`id`) ON DELETE SET NULL ON UPDATE CASCADE;

ALTER TABLE `attachment`
ADD CONSTRAINT `attachment_ibfk_1` FOREIGN KEY (`adver_id`) REFERENCES `adver` (`id`) ON DELETE CASCADE ON UPDATE CASCADE,
ADD CONSTRAINT `attachment_ibfk_2` FOREIGN KEY (`user_id`) REFERENCES `user` (`id`) ON DELETE CASCADE ON UPDATE CASCADE;

ALTER TABLE `auth_assignment`
ADD CONSTRAINT `auth_assignment_ibfk_1` FOREIGN KEY (`item_name`) REFERENCES `auth_item` (`name`) ON DELETE CASCADE ON UPDATE CASCADE;

ALTER TABLE `auth_item`
ADD CONSTRAINT `auth_item_ibfk_1` FOREIGN KEY (`rule_name`) REFERENCES `auth_rule` (`name`) ON DELETE SET NULL ON UPDATE CASCADE;

ALTER TABLE `auth_item_child`
ADD CONSTRAINT `auth_item_child_ibfk_1` FOREIGN KEY (`parent`) REFERENCES `auth_item` (`name`) ON DELETE CASCADE ON UPDATE CASCADE,
ADD CONSTRAINT `auth_item_child_ibfk_2` FOREIGN KEY (`child`) REFERENCES `auth_item` (`name`) ON DELETE CASCADE ON UPDATE CASCADE;

ALTER TABLE `categories`
ADD CONSTRAINT `categories_ibfk_1` FOREIGN KEY (`user_id`) REFERENCES `user` (`id`) ON DELETE SET NULL ON UPDATE CASCADE;

ALTER TABLE `city`
ADD CONSTRAINT `city_ibfk_1` FOREIGN KEY (`province_id`) REFERENCES `province` (`id`) ON DELETE SET NULL ON UPDATE CASCADE,
ADD CONSTRAINT `city_ibfk_2` FOREIGN KEY (`user_id`) REFERENCES `user` (`id`) ON DELETE SET NULL ON UPDATE CASCADE;

ALTER TABLE `country`
ADD CONSTRAINT `country_ibfk_1` FOREIGN KEY (`user_id`) REFERENCES `user` (`id`) ON DELETE SET NULL ON UPDATE CASCADE;

ALTER TABLE `gallery`
ADD CONSTRAINT `gallery_ibfk_1` FOREIGN KEY (`adver_id`) REFERENCES `adver` (`id`) ON DELETE CASCADE ON UPDATE CASCADE,
ADD CONSTRAINT `gallery_ibfk_2` FOREIGN KEY (`user_id`) REFERENCES `user` (`id`) ON DELETE CASCADE ON UPDATE CASCADE;

ALTER TABLE `province`
ADD CONSTRAINT `province_ibfk_1` FOREIGN KEY (`country_id`) REFERENCES `country` (`id`) ON DELETE SET NULL ON UPDATE CASCADE,
ADD CONSTRAINT `province_ibfk_2` FOREIGN KEY (`user_id`) REFERENCES `user` (`id`) ON DELETE SET NULL ON UPDATE CASCADE;

/*!40101 SET CHARACTER_SET_CLIENT=@OLD_CHARACTER_SET_CLIENT */;
/*!40101 SET CHARACTER_SET_RESULTS=@OLD_CHARACTER_SET_RESULTS */;
/*!40101 SET COLLATION_CONNECTION=@OLD_COLLATION_CONNECTION */;
